Workbook
Name average: Info!$Q$9
Name Birth: Calc!$B$14
Name birthday: Calc!$B$17
Name Gauge: Calc!$E$34
Name Slicer_ماه: #N/A
Name title: Calc!$K$33
Name Total: Calc!$A$12

Sheet Sheet11
A1: Data returned for Count of جنسیت, زن, All (First 1000 rows).
A3: Info[کد پرسنلی] | B3: Info[دپارتمان] | C3: Info[نام] | D3: Info[جنسیت] | E3: Info[نوع قرارداد] | F3: Info[تاریخ تولد] | G3: Info[سن] | H3: Info[ماه تولد]
A4: 9987656 | B4: فناوری اطلاعات | C4: سیما رضوی | D4: زن | E4: تمام وقت | F4: 33893 | G4: 29 | H4: 7
A5: 9987728 | B5: کنترل هزینه | C5: هدا محمدی | D5: زن | E5: پاره وقت | F5: 33626 | G5: 30 | H5: 11
A6: 9987938 | B6: مهندسی | C6: نیلوفر محبی | D6: زن | E6: تمام وقت | F6: 32825 | G6: 32 | H6: 8
A7: 9988137 | B7: منابع انسانی | C7: شیرین مولودی | D7: زن | E7: پاره وقت | F7: 32024 | G7: 34 | H7: 6
A8: 9988371 | B8: منابع انسانی | C8: شیدا ضیایی | D8: زن | E8: تمام وقت | F8: 30956 | G8: 37 | H8: 7
A9: 9988453 | B9: منابع انسانی | C9: بهار رستمی | D9: زن | E9: تمام وقت | F9: 30422 | G9: 38 | H9: 1
A10: 9988492 | B10: حقوقی و قراردادی | C10: ندا گرگانی | D10: زن | E10: تمام وقت | F10: 30155 | G10: 39 | H10: 5
A11: 9988657 | B11: کنترل هزینه | C11: نعیمه بهبهانی | D11: زن | E11: پاره وقت | F11: 29354 | G11: 41 | H11: 2
A12: 9988725 | B12: کنترل هزینه | C12: زهرا مینایی | D12: زن | E12: پاره وقت | F12: 28820 | G12: 43 | H12: 9
A13: 9988917 | B13: حقوقی و قراردادی | C13: فاطمه طالکویی | D13: زن | E13: تمام وقت | F13: 33092 | G13: 31 | H13: 5
A14: 9988965 | B14: مهندسی | C14: اشرف زومند | D14: زن | E14: تمام وقت | F14: 32825 | G14: 32 | H14: 8
A15: 9989397 | B15: مهندسی | C15: هما سلیمی | D15: زن | E15: تمام وقت | F15: 30422 | G15: 38 | H15: 1
... A22: 9990597 | B22: مهندسی | C22: انیس طاهری | D22: زن | E22: تمام وقت | F22: 29087 | G22: 42 | H22: 5

Sheet Calc
A1: ماه | B1: فروردین
A3: Row Labels | B3: Count of جنسیت | E3: Count of جنسیت | F3: Column Labels
A4: زن | B4: 19 | E4: Row Labels | F4: زن | G4: مرد | H4: Grand Total
A5: مرد | B5: 41 | E5: حقوقی و قراردادی | F5: 2 | G5: 6 | H5: 8
A6: Grand Total | B6: 60 | E6: فناوری اطلاعات | F6: 2 | G6: 6 | H6: 8
E7: کنترل هزینه | F7: 5 | G7: 11 | H7: 16
E8: منابع انسانی | F8: 4 | G8: 9 | H8: 13
E9: مهندسی | F9: 6 | G9: 9 | H9: 15
A10: =AVERAGE(B4:B5) -> 30 | E10: Grand Total | F10: 19 | G10: 41 | H10: 60 | O10: 1
O11: 3
A12: =B6 -> 60 | O12: 2
A16: فروردین | B16: =MATCH(B1,A16:A27,0) -> 1
A17: اردیبهشت | B17: =COUNTIF(Info[ماه تولد],Calc!B16) -> 3
A18: خرداد | E18: Count of جنسیت | F18: Column Labels | K18: تمام وقت | L18: =H21 -> 42
A19: تیر | E19: Row Labels | F19: زن | G19: مرد | H19: Grand Total | K19: مرد | L19: =G20 -> 13
A20: مرداد | E20: پاره وقت | F20: 5 | G20: 13 | H20: 18 | K20: زن | L20: =F20 -> 5
A21: شهریور | E21: تمام وقت | F21: 14 | G21: 28 | H21: 42
A22: مهر | E22: Grand Total | F22: 19 | G22: 41 | H22: 60
A23: آبان
A24: آذر
A25: دی
A26: بهمن | I26: ROUND(AVERAGEIFS(Salary[شاخص ارزیابی],Salary[ماه],Calc!B1),0)
A27: اسفند
E29: =ROUND(AVERAGEIFS(Salary[شاخص ارزیابی],Salary[ماه],Calc!B1),0) -> 66
E30: 2
E31: =100-E29-E30 -> 32
E32: 100
K33: =" تعداد افراد ماه " & B1 -> تعداد افراد ماه فروردین
E34: ="میانگین شاخص ارزیابی کارکنان در ماه " &B1 -> میانگین شاخص ارزیابی کارکنان در ماه فروردین

Sheet Info
A1: کد پرسنلی | B1: دپارتمان | C1: نام | D1: جنسیت | E1: نوع قرارداد | F1: تاریخ تولد | G1: سن | H1: ماه تولد
A2: 9987656 | B2: فناوری اطلاعات | C2: سیما رضوی | D2: زن | E2: تمام وقت | F2: 33893 | G2: =QUOTIENT(TODAY()-Info[[#This Row],[تاریخ تولد]],365) -> 33 | H2: =--TEXT(Info[[#This Row],[تاریخ تولد]],"[$-fa-IR,96]mm") -> 7
A3: 9987728 | B3: کنترل هزینه | C3: هدا محمدی | D3: زن | E3: پاره وقت | F3: 33626 | G3: =QUOTIENT(TODAY()-Info[[#This Row],[تاریخ تولد]],365) -> 33 | H3: =--TEXT(Info[[#This Row],[تاریخ تولد]],"[$-fa-IR,96]mm") -> 11
A4: 9987826 | B4: منابع انسانی | C4: رضا ابدی | D4: مرد | E4: تمام وقت | F4: 33359 | G4: =QUOTIENT(TODAY()-Info[[#This Row],[تاریخ تولد]],365) -> 34 | H4: =--TEXT(Info[[#This Row],[تاریخ تولد]],"[$-fa-IR,96]mm") -> 2
A5: 9987915 | B5: حقوقی و قراردادی | C5: محمود قیصری | D5: مرد | E5: تمام وقت | F5: 33092 | G5: =QUOTIENT(TODAY()-Info[[#This Row],[تاریخ تولد]],365) -> 35 | H5: =--TEXT(Info[[#This Row],[تاریخ تولد]],"[$-fa-IR,96]mm") -> 5
A6: 9987938 | B6: مهندسی | C6: نیلوفر محبی | D6: زن | E6: تمام وقت | F6: 32825 | G6: =QUOTIENT(TODAY()-Info[[#This Row],[تاریخ تولد]],365) -> 36 | H6: =--TEXT(Info[[#This Row],[تاریخ تولد]],"[$-fa-IR,96]mm") -> 8
A7: 9988023 | B7: فناوری اطلاعات | C7: ایمان کیایی | D7: مرد | E7: تمام وقت | F7: 32558 | G7: =QUOTIENT(TODAY()-Info[[#This Row],[تاریخ تولد]],365) -> 36 | H7: =--TEXT(Info[[#This Row],[تاریخ تولد]],"[$-fa-IR,96]mm") -> 11
A8: 9988106 | B8: کنترل هزینه | C8: نیما موحدی | D8: مرد | E8: تمام وقت | F8: 32291 | G8: =QUOTIENT(TODAY()-Info[[#This Row],[تاریخ تولد]],365) -> 37 | H8: =--TEXT(Info[[#This Row],[تاریخ تولد]],"[$-fa-IR,96]mm") -> 3
A9: 9988137 | B9: منابع انسانی | C9: شیرین مولودی | D9: زن | E9: پاره وقت | F9: 32024 | G9: =QUOTIENT(TODAY()-Info[[#This Row],[تاریخ تولد]],365) -> 38 | H9: =--TEXT(Info[[#This Row],[تاریخ تولد]],"[$-fa-IR,96]mm") -> 6 | Q9: =AVERAGE(Info[سن]) -> 39.6
A10: 9988165 | B10: حقوقی و قراردادی | C10: محمد کریمی | D10: مرد | E10: پاره وقت | F10: 31757 | G10: =QUOTIENT(TODAY()-Info[[#This Row],[تاریخ تولد]],365) -> 38 | H10: =--TEXT(Info[[#This Row],[تاریخ تولد]],"[$-fa-IR,96]mm") -> 9
A11: 9988236 | B11: مهندسی | C11: نیکان علوی | D11: مرد | E11: تمام وقت | F11: 31490 | G11: =QUOTIENT(TODAY()-Info[[#This Row],[تاریخ تولد]],365) -> 39 | H11: =--TEXT(Info[[#This Row],[تاریخ تولد]],"[$-fa-IR,96]mm") -> 12
A12: 9988277 | B12: کنترل هزینه | C12: سینا راد | D12: مرد | E12: تمام وقت | F12: 31223 | G12: =QUOTIENT(TODAY()-Info[[#This Row],[تاریخ تولد]],365) -> 40 | H12: =--TEXT(Info[[#This Row],[تاریخ تولد]],"[$-fa-IR,96]mm") -> 4
A13: 9988371 | B13: منابع انسانی | C13: شیدا ضیایی | D13: زن | E13: تمام وقت | F13: 30956 | G13: =QUOTIENT(TODAY()-Info[[#This Row],[تاریخ تولد]],365) -> 41 | H13: =--TEXT(Info[[#This Row],[تاریخ تولد]],"[$-fa-IR,96]mm") -> 7
A14: 9988393 | B14: کنترل هزینه | C14: حسن تاج | D14: مرد | E14: تمام وقت | F14: 30689 | G14: =QUOTIENT(TODAY()-Info[[#This Row],[تاریخ تولد]],365) -> 41 | H14: =--TEXT(Info[[#This Row],[تاریخ تولد]],"[$-fa-IR,96]mm") -> 10
A15: 9988453 | B15: منابع انسانی | C15: بهار رستمی | D15: زن | E15: تمام وقت | F15: 30422 | G15: =QUOTIENT(TODAY()-Info[[#This Row],[تاریخ تولد]],365) -> 42 | H15: =--TEXT(Info[[#This Row],[تاریخ تولد]],"[$-fa-IR,96]mm") -> 1
A16: 9988492 | B16: حقوقی و قراردادی | C16: ندا گرگانی | D16: زن | E16: تمام وقت | F16: 30155 | G16: =QUOTIENT(TODAY()-Info[[#This Row],[تاریخ تولد]],365) -> 43 | H16: =--TEXT(Info[[#This Row],[تاریخ تولد]],"[$-fa-IR,96]mm") -> 5
A17: 9988572 | B17: مهندسی | C17: علی اسفندیاری | D17: مرد | E17: تمام وقت | F17: 29888 | G17: =QUOTIENT(TODAY()-Info[[#This Row],[تاریخ تولد]],365) -> 44 | H17: =--TEXT(Info[[#This Row],[تاریخ تولد]],"[$-fa-IR,96]mm") -> 8
A18: 9988618 | B18: فناوری اطلاعات | C18: امید ریگی | D18: مرد | E18: پاره وقت | F18: 29621 | G18: =QUOTIENT(TODAY()-Info[[#This Row],[تاریخ تولد]],365) -> 44 | H18: =--TEXT(Info[[#This Row],[تاریخ تولد]],"[$-fa-IR,96]mm") -> 11
A19: 9988657 | B19: کنترل هزینه | C19: نعیمه بهبهانی | D19: زن | E19: پاره وقت | F19: 29354 | G19: =QUOTIENT(TODAY()-Info[[#This Row],[تاریخ تولد]],365) -> 45 | H19: =--TEXT(Info[[#This Row],[تاریخ تولد]],"[$-fa-IR,96]mm") -> 2
A20: 9988677 | B20: منابع انسانی | C20: مصطفی صفایی | D20: مرد | E20: تمام وقت | F20: 29087 | G20: =QUOTIENT(TODAY()-Info[[#This Row],[تاریخ تولد]],365) -> 46 | H20: =--TEXT(Info[[#This Row],[تاریخ تولد]],"[$-fa-IR,96]mm") -> 5
A21: 9988725 | B21: کنترل هزینه | C21: زهرا مینایی | D21: زن | E21: پاره وقت | F21: 28820 | G21: =QUOTIENT(TODAY()-Info[[#This Row],[تاریخ تولد]],365) -> 47 | H21: =--TEXT(Info[[#This Row],[تاریخ تولد]],"[$-fa-IR,96]mm") -> 9
... A61: 9990645 | B61: کنترل هزینه | C61: شهرام مقدم | D61: مرد | E61: پاره وقت | F61: 28820 | G61: =QUOTIENT(TODAY()-Info[[#This Row],[تاریخ تولد]],365) -> 47 | H61: =--TEXT(Info[[#This Row],[تاریخ تولد]],"[$-fa-IR,96]mm") -> 9

Sheet Salary
A1: کد پرسنلی | B1: شاخص ارزیابی | C1: index | D1: ماه | E1: پایه حقوق | F1: پاداش | G1: ناخالص | H1: بیمه کارفرما | I1: بیمه | J1: مالیات | K1: خالص دریافتی
A2: 9987656 | B2: =RANDBETWEEN(30,100) -> 47 | C2: =MATCH(Salary[[#This Row],[ماه]],Calc!$A$16:$A$27,0) -> 1 | D2: فروردین | E2: =RANDBETWEEN(3000,15000)*1000 -> 8028000 | F2: =0.7*E2 -> 5619600 | G2: =E2+F2 -> 13647600 | H2: =0.23*E2 -> 1846440 | I2: =0.07*E2 -> 561960 | J2: =IF(Salary[[#This Row],[پایه حقوق]]<=5600000,0,(Salary[[#This Row],[پایه حقوق]]-5600000)*0.1) -> 242800 | K2: =G2-I2-J2 -> 12842840
A3: 9987728 | B3: =RANDBETWEEN(30,100) -> 90 | C3: =MATCH(Salary[[#This Row],[ماه]],Calc!$A$16:$A$27,0) -> 1 | D3: فروردین | E3: =RANDBETWEEN(3000,15000)*1000 -> 5756000 | G3: =E3+F3 -> 5756000 | H3: =0.23*E3 -> 1323880 | I3: =0.07*E3 -> 402920 | J3: =IF(Salary[[#This Row],[پایه حقوق]]<=5600000,0,(Salary[[#This Row],[پایه حقوق]]-5600000)*0.1) -> 15600 | K3: =G3-I3-J3 -> 5337480
A4: 9987826 | B4: =RANDBETWEEN(30,100) -> 71 | C4: =MATCH(Salary[[#This Row],[ماه]],Calc!$A$16:$A$27,0) -> 1 | D4: فروردین | E4: =RANDBETWEEN(3000,15000)*1000 -> 14962000 | G4: =E4+F4 -> 14962000 | H4: =0.23*E4 -> 3441260 | I4: =0.07*E4 -> 1047340 | J4: =IF(Salary[[#This Row],[پایه حقوق]]<=5600000,0,(Salary[[#This Row],[پایه حقوق]]-5600000)*0.1) -> 936200 | K4: =G4-I4-J4 -> 12978460
A5: 9987915 | B5: =RANDBETWEEN(30,100) -> 83 | C5: =MATCH(Salary[[#This Row],[ماه]],Calc!$A$16:$A$27,0) -> 1 | D5: فروردین | E5: =RANDBETWEEN(3000,15000)*1000 -> 12404000 | F5: =0.7*E5 -> 8682800 | G5: =E5+F5 -> 21086800 | H5: =0.23*E5 -> 2852920 | I5: =0.07*E5 -> 868280 | J5: =IF(Salary[[#This Row],[پایه حقوق]]<=5600000,0,(Salary[[#This Row],[پایه حقوق]]-5600000)*0.1) -> 680400 | K5: =G5-I5-J5 -> 19538120
A6: 9987938 | B6: =RANDBETWEEN(30,100) -> 30 | C6: =MATCH(Salary[[#This Row],[ماه]],Calc!$A$16:$A$27,0) -> 1 | D6: فروردین | E6: =RANDBETWEEN(3000,15000)*1000 -> 3656000 | G6: =E6+F6 -> 3656000 | H6: =0.23*E6 -> 840880 | I6: =0.07*E6 -> 255920 | J6: =IF(Salary[[#This Row],[پایه حقوق]]<=5600000,0,(Salary[[#This Row],[پایه حقوق]]-5600000)*0.1) -> 0 | K6: =G6-I6-J6 -> 3400080
A7: 9988023 | B7: =RANDBETWEEN(30,100) -> 59 | C7: =MATCH(Salary[[#This Row],[ماه]],Calc!$A$16:$A$27,0) -> 1 | D7: فروردین | E7: =RANDBETWEEN(3000,15000)*1000 -> 5975000 | G7: =E7+F7 -> 5975000 | H7: =0.23*E7 -> 1374250 | I7: =0.07*E7 -> 418250 | J7: =IF(Salary[[#This Row],[پایه حقوق]]<=5600000,0,(Salary[[#This Row],[پایه حقوق]]-5600000)*0.1) -> 37500 | K7: =G7-I7-J7 -> 5519250
A8: 9988106 | B8: =RANDBETWEEN(30,100) -> 92 | C8: =MATCH(Salary[[#This Row],[ماه]],Calc!$A$16:$A$27,0) -> 1 | D8: فروردین | E8: =RANDBETWEEN(3000,15000)*1000 -> 3391000 | G8: =E8+F8 -> 3391000 | H8: =0.23*E8 -> 779930 | I8: =0.07*E8 -> 237370 | J8: =IF(Salary[[#This Row],[پایه حقوق]]<=5600000,0,(Salary[[#This Row],[پایه حقوق]]-5600000)*0.1) -> 0 | K8: =G8-I8-J8 -> 3153630
A9: 9988137 | B9: =RANDBETWEEN(30,100) -> 90 | C9: =MATCH(Salary[[#This Row],[ماه]],Calc!$A$16:$A$27,0) -> 1 | D9: فروردین | E9: =RANDBETWEEN(3000,15000)*1000 -> 3047000 | F9: =0.7*E9 -> 2132900 | G9: =E9+F9 -> 5179900 | H9: =0.23*E9 -> 700810 | I9: =0.07*E9 -> 213290 | J9: =IF(Salary[[#This Row],[پایه حقوق]]<=5600000,0,(Salary[[#This Row],[پایه حقوق]]-5600000)*0.1) -> 0 | K9: =G9-I9-J9 -> 4966610
A10: 9988165 | B10: =RANDBETWEEN(30,100) -> 41 | C10: =MATCH(Salary[[#This Row],[ماه]],Calc!$A$16:$A$27,0) -> 1 | D10: فروردین | E10: =RANDBETWEEN(3000,15000)*1000 -> 5477000 | G10: =E10+F10 -> 5477000 | H10: =0.23*E10 -> 1259710 | I10: =0.07*E10 -> 383390 | J10: =IF(Salary[[#This Row],[پایه حقوق]]<=5600000,0,(Salary[[#This Row],[پایه حقوق]]-5600000)*0.1) -> 0 | K10: =G10-I10-J10 -> 5093610
A11: 9988236 | B11: =RANDBETWEEN(30,100) -> 76 | C11: =MATCH(Salary[[#This Row],[ماه]],Calc!$A$16:$A$27,0) -> 1 | D11: فروردین | E11: =RANDBETWEEN(3000,15000)*1000 -> 13522000 | F11: =0.7*E11 -> 9465400 | G11: =E11+F11 -> 22987400 | H11: =0.23*E11 -> 3110060 | I11: =0.07*E11 -> 946540 | J11: =IF(Salary[[#This Row],[پایه حقوق]]<=5600000,0,(Salary[[#This Row],[پایه حقوق]]-5600000)*0.1) -> 792200 | K11: =G11-I11-J11 -> 21248660
A12: 9988277 | B12: =RANDBETWEEN(30,100) -> 68 | C12: =MATCH(Salary[[#This Row],[ماه]],Calc!$A$16:$A$27,0) -> 1 | D12: فروردین | E12: =RANDBETWEEN(3000,15000)*1000 -> 7295000 | F12: =0.7*E12 -> 5106500 | G12: =E12+F12 -> 12401500 | H12: =0.23*E12 -> 1677850 | I12: =0.07*E12 -> 510650 | J12: =IF(Salary[[#This Row],[پایه حقوق]]<=5600000,0,(Salary[[#This Row],[پایه حقوق]]-5600000)*0.1) -> 169500 | K12: =G12-I12-J12 -> 11721350
A13: 9988371 | B13: =RANDBETWEEN(30,100) -> 42 | C13: =MATCH(Salary[[#This Row],[ماه]],Calc!$A$16:$A$27,0) -> 1 | D13: فروردین | E13: =RANDBETWEEN(3000,15000)*1000 -> 13805000 | G13: =E13+F13 -> 13805000 | H13: =0.23*E13 -> 3175150 | I13: =0.07*E13 -> 966350 | J13: =IF(Salary[[#This Row],[پایه حقوق]]<=5600000,0,(Salary[[#This Row],[پایه حقوق]]-5600000)*0.1) -> 820500 | K13: =G13-I13-J13 -> 12018150
A14: 9988393 | B14: =RANDBETWEEN(30,100) -> 45 | C14: =MATCH(Salary[[#This Row],[ماه]],Calc!$A$16:$A$27,0) -> 1 | D14: فروردین | E14: =RANDBETWEEN(3000,15000)*1000 -> 11238000 | G14: =E14+F14 -> 11238000 | H14: =0.23*E14 -> 2584740 | I14: =0.07*E14 -> 786660 | J14: =IF(Salary[[#This Row],[پایه حقوق]]<=5600000,0,(Salary[[#This Row],[پایه حقوق]]-5600000)*0.1) -> 563800 | K14: =G14-I14-J14 -> 9887540
A15: 9988453 | B15: =RANDBETWEEN(30,100) -> 70 | C15: =MATCH(Salary[[#This Row],[ماه]],Calc!$A$16:$A$27,0) -> 1 | D15: فروردین | E15: =RANDBETWEEN(3000,15000)*1000 -> 8785000 | G15: =E15+F15 -> 8785000 | H15: =0.23*E15 -> 2020550 | I15: =0.07*E15 -> 614950 | J15: =IF(Salary[[#This Row],[پایه حقوق]]<=5600000,0,(Salary[[#This Row],[پایه حقوق]]-5600000)*0.1) -> 318500 | K15: =G15-I15-J15 -> 7851550
A16: 9988492 | B16: =RANDBETWEEN(30,100) -> 77 | C16: =MATCH(Salary[[#This Row],[ماه]],Calc!$A$16:$A$27,0) -> 1 | D16: فروردین | E16: =RANDBETWEEN(3000,15000)*1000 -> 6220000 | G16: =E16+F16 -> 6220000 | H16: =0.23*E16 -> 1430600 | I16: =0.07*E16 -> 435400 | J16: =IF(Salary[[#This Row],[پایه حقوق]]<=5600000,0,(Salary[[#This Row],[پایه حقوق]]-5600000)*0.1) -> 62000 | K16: =G16-I16-J16 -> 5722600
A17: 9988572 | B17: =RANDBETWEEN(30,100) -> 75 | C17: =MATCH(Salary[[#This Row],[ماه]],Calc!$A$16:$A$27,0) -> 1 | D17: فروردین | E17: =RANDBETWEEN(3000,15000)*1000 -> 10269000 | G17: =E17+F17 -> 10269000 | H17: =0.23*E17 -> 2361870 | I17: =0.07*E17 -> 718830 | J17: =IF(Salary[[#This Row],[پایه حقوق]]<=5600000,0,(Salary[[#This Row],[پایه حقوق]]-5600000)*0.1) -> 466900 | K17: =G17-I17-J17 -> 9083270
A18: 9988618 | B18: =RANDBETWEEN(30,100) -> 61 | C18: =MATCH(Salary[[#This Row],[ماه]],Calc!$A$16:$A$27,0) -> 1 | D18: فروردین | E18: =RANDBETWEEN(3000,15000)*1000 -> 3910000 | G18: =E18+F18 -> 3910000 | H18: =0.23*E18 -> 899300 | I18: =0.07*E18 -> 273700 | J18: =IF(Salary[[#This Row],[پایه حقوق]]<=5600000,0,(Salary[[#This Row],[پایه حقوق]]-5600000)*0.1) -> 0 | K18: =G18-I18-J18 -> 3636300
A19: 9988657 | B19: =RANDBETWEEN(30,100) -> 55 | C19: =MATCH(Salary[[#This Row],[ماه]],Calc!$A$16:$A$27,0) -> 1 | D19: فروردین | E19: =RANDBETWEEN(3000,15000)*1000 -> 10333000 | F19: =0.7*E19 -> 7233100 | G19: =E19+F19 -> 17566100 | H19: =0.23*E19 -> 2376590 | I19: =0.07*E19 -> 723310 | J19: =IF(Salary[[#This Row],[پایه حقوق]]<=5600000,0,(Salary[[#This Row],[پایه حقوق]]-5600000)*0.1) -> 473300 | K19: =G19-I19-J19 -> 16369490
A20: 9988677 | B20: =RANDBETWEEN(30,100) -> 50 | C20: =MATCH(Salary[[#This Row],[ماه]],Calc!$A$16:$A$27,0) -> 1 | D20: فروردین | E20: =RANDBETWEEN(3000,15000)*1000 -> 11465000 | G20: =E20+F20 -> 11465000 | H20: =0.23*E20 -> 2636950 | I20: =0.07*E20 -> 802550 | J20: =IF(Salary[[#This Row],[پایه حقوق]]<=5600000,0,(Salary[[#This Row],[پایه حقوق]]-5600000)*0.1) -> 586500 | K20: =G20-I20-J20 -> 10075950
A21: 9988725 | B21: =RANDBETWEEN(30,100) -> 86 | C21: =MATCH(Salary[[#This Row],[ماه]],Calc!$A$16:$A$27,0) -> 1 | D21: فروردین | E21: =RANDBETWEEN(3000,15000)*1000 -> 8764000 | F21: =0.7*E21 -> 6134800 | G21: =E21+F21 -> 14898800 | H21: =0.23*E21 -> 2015720 | I21: =0.07*E21 -> 613480 | J21: =IF(Salary[[#This Row],[پایه حقوق]]<=5600000,0,(Salary[[#This Row],[پایه حقوق]]-5600000)*0.1) -> 316400 | K21: =G21-I21-J21 -> 13968920
A22: 9988773 | B22: =RANDBETWEEN(30,100) -> 90 | C22: =MATCH(Salary[[#This Row],[ماه]],Calc!$A$16:$A$27,0) -> 1 | D22: فروردین | E22: =RANDBETWEEN(3000,15000)*1000 -> 7165000 | G22: =E22+F22 -> 7165000 | H22: =0.23*E22 -> 1647950 | I22: =0.07*E22 -> 501550 | J22: =IF(Salary[[#This Row],[پایه حقوق]]<=5600000,0,(Salary[[#This Row],[پایه حقوق]]-5600000)*0.1) -> 156500 | K22: =G22-I22-J22 -> 6506950
A23: 9988821 | B23: =RANDBETWEEN(30,100) -> 89 | C23: =MATCH(Salary[[#This Row],[ماه]],Calc!$A$16:$A$27,0) -> 1 | D23: فروردین | E23: =RANDBETWEEN(3000,15000)*1000 -> 8725000 | G23: =E23+F23 -> 8725000 | H23: =0.23*E23 -> 2006750 | I23: =0.07*E23 -> 610750 | J23: =IF(Salary[[#This Row],[پایه حقوق]]<=5600000,0,(Salary[[#This Row],[پایه حقوق]]-5600000)*0.1) -> 312500 | K23: =G23-I23-J23 -> 7801750
A24: 9988869 | B24: =RANDBETWEEN(30,100) -> 86 | C24: =MATCH(Salary[[#This Row],[ماه]],Calc!$A$16:$A$27,0) -> 1 | D24: فروردین | E24: =RANDBETWEEN(3000,15000)*1000 -> 7507000 | G24: =E24+F24 -> 7507000 | H24: =0.23*E24 -> 1726610 | I24: =0.07*E24 -> 525490 | J24: =IF(Salary[[#This Row],[پایه حقوق]]<=5600000,0,(Salary[[#This Row],[پایه حقوق]]-5600000)*0.1) -> 190700 | K24: =G24-I24-J24 -> 6790810
A25: 9988917 | B25: =RANDBETWEEN(30,100) -> 78 | C25: =MATCH(Salary[[#This Row],[ماه]],Calc!$A$16:$A$27,0) -> 1 | D25: فروردین | E25: =RANDBETWEEN(3000,15000)*1000 -> 10023000 | G25: =E25+F25 -> 10023000 | H25: =0.23*E25 -> 2305290 | I25: =0.07*E25 -> 701610 | J25: =IF(Salary[[#This Row],[پایه حقوق]]<=5600000,0,(Salary[[#This Row],[پایه حقوق]]-5600000)*0.1) -> 442300 | K25: =G25-I25-J25 -> 8879090
A26: 9988965 | B26: =RANDBETWEEN(30,100) -> 97 | C26: =MATCH(Salary[[#This Row],[ماه]],Calc!$A$16:$A$27,0) -> 1 | D26: فروردین | E26: =RANDBETWEEN(3000,15000)*1000 -> 8098000 | G26: =E26+F26 -> 8098000 | H26: =0.23*E26 -> 1862540 | I26: =0.07*E26 -> 566860 | J26: =IF(Salary[[#This Row],[پایه حقوق]]<=5600000,0,(Salary[[#This Row],[پایه حقوق]]-5600000)*0.1) -> 249800 | K26: =G26-I26-J26 -> 7281340
A27: 9989013 | B27: =RANDBETWEEN(30,100) -> 51 | C27: =MATCH(Salary[[#This Row],[ماه]],Calc!$A$16:$A$27,0) -> 1 | D27: فروردین | E27: =RANDBETWEEN(3000,15000)*1000 -> 7440000 | G27: =E27+F27 -> 7440000 | H27: =0.23*E27 -> 1711200 | I27: =0.07*E27 -> 520800 | J27: =IF(Salary[[#This Row],[پایه حقوق]]<=5600000,0,(Salary[[#This Row],[پایه حقوق]]-5600000)*0.1) -> 184000 | K27: =G27-I27-J27 -> 6735200
A28: 9989061 | B28: =RANDBETWEEN(30,100) -> 52 | C28: =MATCH(Salary[[#This Row],[ماه]],Calc!$A$16:$A$27,0) -> 1 | D28: فروردین | E28: =RANDBETWEEN(3000,15000)*1000 -> 11571000 | G28: =E28+F28 -> 11571000 | H28: =0.23*E28 -> 2661330 | I28: =0.07*E28 -> 809970 | J28: =IF(Salary[[#This Row],[پایه حقوق]]<=5600000,0,(Salary[[#This Row],[پایه حقوق]]-5600000)*0.1) -> 597100 | K28: =G28-I28-J28 -> 10163930
A29: 9989109 | B29: =RANDBETWEEN(30,100) -> 38 | C29: =MATCH(Salary[[#This Row],[ماه]],Calc!$A$16:$A$27,0) -> 1 | D29: فروردین | E29: =RANDBETWEEN(3000,15000)*1000 -> 5432000 | G29: =E29+F29 -> 5432000 | H29: =0.23*E29 -> 1249360 | I29: =0.07*E29 -> 380240 | J29: =IF(Salary[[#This Row],[پایه حقوق]]<=5600000,0,(Salary[[#This Row],[پایه حقوق]]-5600000)*0.1) -> 0 | K29: =G29-I29-J29 -> 5051760
A30: 9989157 | B30: =RANDBETWEEN(30,100) -> 55 | C30: =MATCH(Salary[[#This Row],[ماه]],Calc!$A$16:$A$27,0) -> 1 | D30: فروردین | E30: =RANDBETWEEN(3000,15000)*1000 -> 10325000 | G30: =E30+F30 -> 10325000 | H30: =0.23*E30 -> 2374750 | I30: =0.07*E30 -> 722750 | J30: =IF(Salary[[#This Row],[پایه حقوق]]<=5600000,0,(Salary[[#This Row],[پایه حقوق]]-5600000)*0.1) -> 472500 | K30: =G30-I30-J30 -> 9129750
A31: 9989205 | B31: =RANDBETWEEN(30,100) -> 61 | C31: =MATCH(Salary[[#This Row],[ماه]],Calc!$A$16:$A$27,0) -> 1 | D31: فروردین | E31: =RANDBETWEEN(3000,15000)*1000 -> 14785000 | G31: =E31+F31 -> 14785000 | H31: =0.23*E31 -> 3400550 | I31: =0.07*E31 -> 1034950 | J31: =IF(Salary[[#This Row],[پایه حقوق]]<=5600000,0,(Salary[[#This Row],[پایه حقوق]]-5600000)*0.1) -> 918500 | K31: =G31-I31-J31 -> 12831550
A32: 9989253 | B32: =RANDBETWEEN(30,100) -> 97 | C32: =MATCH(Salary[[#This Row],[ماه]],Calc!$A$16:$A$27,0) -> 1 | D32: فروردین | E32: =RANDBETWEEN(3000,15000)*1000 -> 10871000 | G32: =E32+F32 -> 10871000 | H32: =0.23*E32 -> 2500330 | I32: =0.07*E32 -> 760970 | J32: =IF(Salary[[#This Row],[پایه حقوق]]<=5600000,0,(Salary[[#This Row],[پایه حقوق]]-5600000)*0.1) -> 527100 | K32: =G32-I32-J32 -> 9582930
A33: 9989301 | B33: =RANDBETWEEN(30,100) -> 89 | C33: =MATCH(Salary[[#This Row],[ماه]],Calc!$A$16:$A$27,0) -> 1 | D33: فروردین | E33: =RANDBETWEEN(3000,15000)*1000 -> 4066000 | G33: =E33+F33 -> 4066000 | H33: =0.23*E33 -> 935180 | I33: =0.07*E33 -> 284620 | J33: =IF(Salary[[#This Row],[پایه حقوق]]<=5600000,0,(Salary[[#This Row],[پایه حقوق]]-5600000)*0.1) -> 0 | K33: =G33-I33-J33 -> 3781380
... A122: 9987656 | B122: =RANDBETWEEN(30,100) -> 44 | C122: =MATCH(Salary[[#This Row],[ماه]],Calc!$A$16:$A$27,0) -> 3 | D122: خرداد | E122: =RANDBETWEEN(3000,15000)*1000 -> 8734000 | G122: =E122+F122 -> 8734000 | H122: =0.23*E122 -> 2008820 | I122: =0.07*E122 -> 611380 | J122: =IF(Salary[[#This Row],[پایه حقوق]]<=5600000,0,(Salary[[#This Row],[پایه حقوق]]-5600000)*0.1) -> 313400 | K122: =G122-I122-J122 -> 7809220
A123: 9987728 | B123: =RANDBETWEEN(30,100) -> 79 | C123: =MATCH(Salary[[#This Row],[ماه]],Calc!$A$16:$A$27,0) -> 3 | D123: خرداد | E123: =RANDBETWEEN(3000,15000)*1000 -> 11185000 | F123: =0.7*E123 -> 7829500 | G123: =E123+F123 -> 19014500 | H123: =0.23*E123 -> 2572550 | I123: =0.07*E123 -> 782950 | J123: =IF(Salary[[#This Row],[پایه حقوق]]<=5600000,0,(Salary[[#This Row],[پایه حقوق]]-5600000)*0.1) -> 558500 | K123: =G123-I123-J123 -> 17673050
A124: 9987826 | B124: =RANDBETWEEN(30,100) -> 64 | C124: =MATCH(Salary[[#This Row],[ماه]],Calc!$A$16:$A$27,0) -> 3 | D124: خرداد | E124: =RANDBETWEEN(3000,15000)*1000 -> 8814000 | G124: =E124+F124 -> 8814000 | H124: =0.23*E124 -> 2027220 | I124: =0.07*E124 -> 616980 | J124: =IF(Salary[[#This Row],[پایه حقوق]]<=5600000,0,(Salary[[#This Row],[پایه حقوق]]-5600000)*0.1) -> 321400 | K124: =G124-I124-J124 -> 7875620
A125: 9987915 | B125: =RANDBETWEEN(30,100) -> 79 | C125: =MATCH(Salary[[#This Row],[ماه]],Calc!$A$16:$A$27,0) -> 3 | D125: خرداد | E125: =RANDBETWEEN(3000,15000)*1000 -> 6212000 | G125: =E125+F125 -> 6212000 | H125: =0.23*E125 -> 1428760 | I125: =0.07*E125 -> 434840 | J125: =IF(Salary[[#This Row],[پایه حقوق]]<=5600000,0,(Salary[[#This Row],[پایه حقوق]]-5600000)*0.1) -> 61200 | K125: =G125-I125-J125 -> 5715960
A126: 9987938 | B126: =RANDBETWEEN(30,100) -> 51 | C126: =MATCH(Salary[[#This Row],[ماه]],Calc!$A$16:$A$27,0) -> 3 | D126: خرداد | E126: =RANDBETWEEN(3000,15000)*1000 -> 10891000 | G126: =E126+F126 -> 10891000 | H126: =0.23*E126 -> 2504930 | I126: =0.07*E126 -> 762370 | J126: =IF(Salary[[#This Row],[پایه حقوق]]<=5600000,0,(Salary[[#This Row],[پایه حقوق]]-5600000)*0.1) -> 529100 | K126: =G126-I126-J126 -> 9599530
A127: 9988023 | B127: =RANDBETWEEN(30,100) -> 92 | C127: =MATCH(Salary[[#This Row],[ماه]],Calc!$A$16:$A$27,0) -> 3 | D127: خرداد | E127: =RANDBETWEEN(3000,15000)*1000 -> 8120000 | G127: =E127+F127 -> 8120000 | H127: =0.23*E127 -> 1867600 | I127: =0.07*E127 -> 568400 | J127: =IF(Salary[[#This Row],[پایه حقوق]]<=5600000,0,(Salary[[#This Row],[پایه حقوق]]-5600000)*0.1) -> 252000 | K127: =G127-I127-J127 -> 7299600
A128: 9988106 | B128: =RANDBETWEEN(30,100) -> 73 | C128: =MATCH(Salary[[#This Row],[ماه]],Calc!$A$16:$A$27,0) -> 3 | D128: خرداد | E128: =RANDBETWEEN(3000,15000)*1000 -> 7748000 | G128: =E128+F128 -> 7748000 | H128: =0.23*E128 -> 1782040 | I128: =0.07*E128 -> 542360 | J128: =IF(Salary[[#This Row],[پایه حقوق]]<=5600000,0,(Salary[[#This Row],[پایه حقوق]]-5600000)*0.1) -> 214800 | K128: =G128-I128-J128 -> 6990840
A129: 9988137 | B129: =RANDBETWEEN(30,100) -> 34 | C129: =MATCH(Salary[[#This Row],[ماه]],Calc!$A$16:$A$27,0) -> 3 | D129: خرداد | E129: =RANDBETWEEN(3000,15000)*1000 -> 9566000 | G129: =E129+F129 -> 9566000 | H129: =0.23*E129 -> 2200180 | I129: =0.07*E129 -> 669620 | J129: =IF(Salary[[#This Row],[پایه حقوق]]<=5600000,0,(Salary[[#This Row],[پایه حقوق]]-5600000)*0.1) -> 396600 | K129: =G129-I129-J129 -> 8499780
A130: 9988165 | B130: =RANDBETWEEN(30,100) -> 76 | C130: =MATCH(Salary[[#This Row],[ماه]],Calc!$A$16:$A$27,0) -> 3 | D130: خرداد | E130: =RANDBETWEEN(3000,15000)*1000 -> 7118000 | F130: =0.7*E130 -> 4982600 | G130: =E130+F130 -> 12100600 | H130: =0.23*E130 -> 1637140 | I130: =0.07*E130 -> 498260 | J130: =IF(Salary[[#This Row],[پایه حقوق]]<=5600000,0,(Salary[[#This Row],[پایه حقوق]]-5600000)*0.1) -> 151800 | K130: =G130-I130-J130 -> 11450540
A131: 9988236 | B131: =RANDBETWEEN(30,100) -> 48 | C131: =MATCH(Salary[[#This Row],[ماه]],Calc!$A$16:$A$27,0) -> 3 | D131: خرداد | E131: =RANDBETWEEN(3000,15000)*1000 -> 3837000 | G131: =E131+F131 -> 3837000 | H131: =0.23*E131 -> 882510 | I131: =0.07*E131 -> 268590 | J131: =IF(Salary[[#This Row],[پایه حقوق]]<=5600000,0,(Salary[[#This Row],[پایه حقوق]]-5600000)*0.1) -> 0 | K131: =G131-I131-J131 -> 3568410
A132: 9988277 | B132: =RANDBETWEEN(30,100) -> 74 | C132: =MATCH(Salary[[#This Row],[ماه]],Calc!$A$16:$A$27,0) -> 3 | D132: خرداد | E132: =RANDBETWEEN(3000,15000)*1000 -> 4946000 | G132: =E132+F132 -> 4946000 | H132: =0.23*E132 -> 1137580 | I132: =0.07*E132 -> 346220 | J132: =IF(Salary[[#This Row],[پایه حقوق]]<=5600000,0,(Salary[[#This Row],[پایه حقوق]]-5600000)*0.1) -> 0 | K132: =G132-I132-J132 -> 4599780
A133: 9988371 | B133: =RANDBETWEEN(30,100) -> 86 | C133: =MATCH(Salary[[#This Row],[ماه]],Calc!$A$16:$A$27,0) -> 3 | D133: خرداد | E133: =RANDBETWEEN(3000,15000)*1000 -> 12288000 | G133: =E133+F133 -> 12288000 | H133: =0.23*E133 -> 2826240 | I133: =0.07*E133 -> 860160 | J133: =IF(Salary[[#This Row],[پایه حقوق]]<=5600000,0,(Salary[[#This Row],[پایه حقوق]]-5600000)*0.1) -> 668800 | K133: =G133-I133-J133 -> 10759040
A134: 9988393 | B134: =RANDBETWEEN(30,100) -> 93 | C134: =MATCH(Salary[[#This Row],[ماه]],Calc!$A$16:$A$27,0) -> 3 | D134: خرداد | E134: =RANDBETWEEN(3000,15000)*1000 -> 10282000 | G134: =E134+F134 -> 10282000 | H134: =0.23*E134 -> 2364860 | I134: =0.07*E134 -> 719740 | J134: =IF(Salary[[#This Row],[پایه حقوق]]<=5600000,0,(Salary[[#This Row],[پایه حقوق]]-5600000)*0.1) -> 468200 | K134: =G134-I134-J134 -> 9094060
A135: 9988453 | B135: =RANDBETWEEN(30,100) -> 60 | C135: =MATCH(Salary[[#This Row],[ماه]],Calc!$A$16:$A$27,0) -> 3 | D135: خرداد | E135: =RANDBETWEEN(3000,15000)*1000 -> 12914000 | G135: =E135+F135 -> 12914000 | H135: =0.23*E135 -> 2970220 | I135: =0.07*E135 -> 903980 | J135: =IF(Salary[[#This Row],[پایه حقوق]]<=5600000,0,(Salary[[#This Row],[پایه حقوق]]-5600000)*0.1) -> 731400 | K135: =G135-I135-J135 -> 11278620
A136: 9988492 | B136: =RANDBETWEEN(30,100) -> 53 | C136: =MATCH(Salary[[#This Row],[ماه]],Calc!$A$16:$A$27,0) -> 3 | D136: خرداد | E136: =RANDBETWEEN(3000,15000)*1000 -> 5617000 | F136: =0.7*E136 -> 3931900 | G136: =E136+F136 -> 9548900 | H136: =0.23*E136 -> 1291910 | I136: =0.07*E136 -> 393190 | J136: =IF(Salary[[#This Row],[پایه حقوق]]<=5600000,0,(Salary[[#This Row],[پایه حقوق]]-5600000)*0.1) -> 1700 | K136: =G136-I136-J136 -> 9154010
A137: 9988572 | B137: =RANDBETWEEN(30,100) -> 81 | C137: =MATCH(Salary[[#This Row],[ماه]],Calc!$A$16:$A$27,0) -> 3 | D137: خرداد | E137: =RANDBETWEEN(3000,15000)*1000 -> 8600000 | G137: =E137+F137 -> 8600000 | H137: =0.23*E137 -> 1978000 | I137: =0.07*E137 -> 602000 | J137: =IF(Salary[[#This Row],[پایه حقوق]]<=5600000,0,(Salary[[#This Row],[پایه حقوق]]-5600000)*0.1) -> 300000 | K137: =G137-I137-J137 -> 7698000
A138: 9988618 | B138: =RANDBETWEEN(30,100) -> 30 | C138: =MATCH(Salary[[#This Row],[ماه]],Calc!$A$16:$A$27,0) -> 3 | D138: خرداد | E138: =RANDBETWEEN(3000,15000)*1000 -> 14521000 | G138: =E138+F138 -> 14521000 | H138: =0.23*E138 -> 3339830 | I138: =0.07*E138 -> 1016470 | J138: =IF(Salary[[#This Row],[پایه حقوق]]<=5600000,0,(Salary[[#This Row],[پایه حقوق]]-5600000)*0.1) -> 892100 | K138: =G138-I138-J138 -> 12612430
A139: 9988657 | B139: =RANDBETWEEN(30,100) -> 73 | C139: =MATCH(Salary[[#This Row],[ماه]],Calc!$A$16:$A$27,0) -> 3 | D139: خرداد | E139: =RANDBETWEEN(3000,15000)*1000 -> 7937000 | G139: =E139+F139 -> 7937000 | H139: =0.23*E139 -> 1825510 | I139: =0.07*E139 -> 555590 | J139: =IF(Salary[[#This Row],[پایه حقوق]]<=5600000,0,(Salary[[#This Row],[پایه حقوق]]-5600000)*0.1) -> 233700 | K139: =G139-I139-J139 -> 7147710
A140: 9988677 | B140: =RANDBETWEEN(30,100) -> 50 | C140: =MATCH(Salary[[#This Row],[ماه]],Calc!$A$16:$A$27,0) -> 3 | D140: خرداد | E140: =RANDBETWEEN(3000,15000)*1000 -> 3174000 | F140: =0.7*E140 -> 2221800 | G140: =E140+F140 -> 5395800 | H140: =0.23*E140 -> 730020 | I140: =0.07*E140 -> 222180 | J140: =IF(Salary[[#This Row],[پایه حقوق]]<=5600000,0,(Salary[[#This Row],[پایه حقوق]]-5600000)*0.1) -> 0 | K140: =G140-I140-J140 -> 5173620
A141: 9988725 | B141: =RANDBETWEEN(30,100) -> 70 | C141: =MATCH(Salary[[#This Row],[ماه]],Calc!$A$16:$A$27,0) -> 3 | D141: خرداد | E141: =RANDBETWEEN(3000,15000)*1000 -> 6390000 | G141: =E141+F141 -> 6390000 | H141: =0.23*E141 -> 1469700 | I141: =0.07*E141 -> 447300 | J141: =IF(Salary[[#This Row],[پایه حقوق]]<=5600000,0,(Salary[[#This Row],[پایه حقوق]]-5600000)*0.1) -> 79000 | K141: =G141-I141-J141 -> 5863700
A142: 9988773 | B142: =RANDBETWEEN(30,100) -> 77 | C142: =MATCH(Salary[[#This Row],[ماه]],Calc!$A$16:$A$27,0) -> 3 | D142: خرداد | E142: =RANDBETWEEN(3000,15000)*1000 -> 7839000 | G142: =E142+F142 -> 7839000 | H142: =0.23*E142 -> 1802970 | I142: =0.07*E142 -> 548730 | J142: =IF(Salary[[#This Row],[پایه حقوق]]<=5600000,0,(Salary[[#This Row],[پایه حقوق]]-5600000)*0.1) -> 223900 | K142: =G142-I142-J142 -> 7066370
A143: 9988821 | B143: =RANDBETWEEN(30,100) -> 100 | C143: =MATCH(Salary[[#This Row],[ماه]],Calc!$A$16:$A$27,0) -> 3 | D143: خرداد | E143: =RANDBETWEEN(3000,15000)*1000 -> 12296000 | G143: =E143+F143 -> 12296000 | H143: =0.23*E143 -> 2828080 | I143: =0.07*E143 -> 860720 | J143: =IF(Salary[[#This Row],[پایه حقوق]]<=5600000,0,(Salary[[#This Row],[پایه حقوق]]-5600000)*0.1) -> 669600 | K143: =G143-I143-J143 -> 10765680
A144: 9988869 | B144: =RANDBETWEEN(30,100) -> 93 | C144: =MATCH(Salary[[#This Row],[ماه]],Calc!$A$16:$A$27,0) -> 3 | D144: خرداد | E144: =RANDBETWEEN(3000,15000)*1000 -> 8802000 | G144: =E144+F144 -> 8802000 | H144: =0.23*E144 -> 2024460 | I144: =0.07*E144 -> 616140 | J144: =IF(Salary[[#This Row],[پایه حقوق]]<=5600000,0,(Salary[[#This Row],[پایه حقوق]]-5600000)*0.1) -> 320200 | K144: =G144-I144-J144 -> 7865660
A145: 9988917 | B145: =RANDBETWEEN(30,100) -> 89 | C145: =MATCH(Salary[[#This Row],[ماه]],Calc!$A$16:$A$27,0) -> 3 | D145: خرداد | E145: =RANDBETWEEN(3000,15000)*1000 -> 4118000 | G145: =E145+F145 -> 4118000 | H145: =0.23*E145 -> 947140 | I145: =0.07*E145 -> 288260 | J145: =IF(Salary[[#This Row],[پایه حقوق]]<=5600000,0,(Salary[[#This Row],[پایه حقوق]]-5600000)*0.1) -> 0 | K145: =G145-I145-J145 -> 3829740
A146: 9988965 | B146: =RANDBETWEEN(30,100) -> 59 | C146: =MATCH(Salary[[#This Row],[ماه]],Calc!$A$16:$A$27,0) -> 3 | D146: خرداد | E146: =RANDBETWEEN(3000,15000)*1000 -> 4583000 | G146: =E146+F146 -> 4583000 | H146: =0.23*E146 -> 1054090 | I146: =0.07*E146 -> 320810 | J146: =IF(Salary[[#This Row],[پایه حقوق]]<=5600000,0,(Salary[[#This Row],[پایه حقوق]]-5600000)*0.1) -> 0 | K146: =G146-I146-J146 -> 4262190
A147: 9989013 | B147: =RANDBETWEEN(30,100) -> 89 | C147: =MATCH(Salary[[#This Row],[ماه]],Calc!$A$16:$A$27,0) -> 3 | D147: خرداد | E147: =RANDBETWEEN(3000,15000)*1000 -> 7032000 | G147: =E147+F147 -> 7032000 | H147: =0.23*E147 -> 1617360 | I147: =0.07*E147 -> 492240 | J147: =IF(Salary[[#This Row],[پایه حقوق]]<=5600000,0,(Salary[[#This Row],[پایه حقوق]]-5600000)*0.1) -> 143200 | K147: =G147-I147-J147 -> 6396560
A148: 9989061 | B148: =RANDBETWEEN(30,100) -> 70 | C148: =MATCH(Salary[[#This Row],[ماه]],Calc!$A$16:$A$27,0) -> 3 | D148: خرداد | E148: =RANDBETWEEN(3000,15000)*1000 -> 11449000 | G148: =E148+F148 -> 11449000 | H148: =0.23*E148 -> 2633270 | I148: =0.07*E148 -> 801430 | J148: =IF(Salary[[#This Row],[پایه حقوق]]<=5600000,0,(Salary[[#This Row],[پایه حقوق]]-5600000)*0.1) -> 584900 | K148: =G148-I148-J148 -> 10062670
A149: 9989109 | B149: =RANDBETWEEN(30,100) -> 61 | C149: =MATCH(Salary[[#This Row],[ماه]],Calc!$A$16:$A$27,0) -> 3 | D149: خرداد | E149: =RANDBETWEEN(3000,15000)*1000 -> 12859000 | G149: =E149+F149 -> 12859000 | H149: =0.23*E149 -> 2957570 | I149: =0.07*E149 -> 900130 | J149: =IF(Salary[[#This Row],[پایه حقوق]]<=5600000,0,(Salary[[#This Row],[پایه حقوق]]-5600000)*0.1) -> 725900 | K149: =G149-I149-J149 -> 11232970
A150: 9989157 | B150: =RANDBETWEEN(30,100) -> 52 | C150: =MATCH(Salary[[#This Row],[ماه]],Calc!$A$16:$A$27,0) -> 3 | D150: خرداد | E150: =RANDBETWEEN(3000,15000)*1000 -> 10493000 | G150: =E150+F150 -> 10493000 | H150: =0.23*E150 -> 2413390 | I150: =0.07*E150 -> 734510 | J150: =IF(Salary[[#This Row],[پایه حقوق]]<=5600000,0,(Salary[[#This Row],[پایه حقوق]]-5600000)*0.1) -> 489300 | K150: =G150-I150-J150 -> 9269190
A151: 9989205 | B151: =RANDBETWEEN(30,100) -> 63 | C151: =MATCH(Salary[[#This Row],[ماه]],Calc!$A$16:$A$27,0) -> 3 | D151: خرداد | E151: =RANDBETWEEN(3000,15000)*1000 -> 3337000 | G151: =E151+F151 -> 3337000 | H151: =0.23*E151 -> 767510 | I151: =0.07*E151 -> 233590 | J151: =IF(Salary[[#This Row],[پایه حقوق]]<=5600000,0,(Salary[[#This Row],[پایه حقوق]]-5600000)*0.1) -> 0 | K151: =G151-I151-J151 -> 3103410
A152: 9989253 | B152: =RANDBETWEEN(30,100) -> 69 | C152: =MATCH(Salary[[#This Row],[ماه]],Calc!$A$16:$A$27,0) -> 3 | D152: خرداد | E152: =RANDBETWEEN(3000,15000)*1000 -> 13925000 | G152: =E152+F152 -> 13925000 | H152: =0.23*E152 -> 3202750 | I152: =0.07*E152 -> 974750 | J152: =IF(Salary[[#This Row],[پایه حقوق]]<=5600000,0,(Salary[[#This Row],[پایه حقوق]]-5600000)*0.1) -> 832500 | K152: =G152-I152-J152 -> 12117750
... A187: 9988023 | B187: =RANDBETWEEN(30,100) -> 52 | C187: =MATCH(Salary[[#This Row],[ماه]],Calc!$A$16:$A$27,0) -> 4 | D187: تیر | E187: =RANDBETWEEN(3000,15000)*1000 -> 10936000 | G187: =E187+F187 -> 10936000 | H187: =0.23*E187 -> 2515280 | I187: =0.07*E187 -> 765520 | J187: =IF(Salary[[#This Row],[پایه حقوق]]<=5600000,0,(Salary[[#This Row],[پایه حقوق]]-5600000)*0.1) -> 533600 | K187: =G187-I187-J187 -> 9636880
A188: 9988106 | B188: =RANDBETWEEN(30,100) -> 50 | C188: =MATCH(Salary[[#This Row],[ماه]],Calc!$A$16:$A$27,0) -> 4 | D188: تیر | E188: =RANDBETWEEN(3000,15000)*1000 -> 14658000 | F188: =0.7*E188 -> 10260600 | G188: =E188+F188 -> 24918600 | H188: =0.23*E188 -> 3371340 | I188: =0.07*E188 -> 1026060 | J188: =IF(Salary[[#This Row],[پایه حقوق]]<=5600000,0,(Salary[[#This Row],[پایه حقوق]]-5600000)*0.1) -> 905800 | K188: =G188-I188-J188 -> 22986740
A189: 9988137 | B189: =RANDBETWEEN(30,100) -> 62 | C189: =MATCH(Salary[[#This Row],[ماه]],Calc!$A$16:$A$27,0) -> 4 | D189: تیر | E189: =RANDBETWEEN(3000,15000)*1000 -> 5577000 | G189: =E189+F189 -> 5577000 | H189: =0.23*E189 -> 1282710 | I189: =0.07*E189 -> 390390 | J189: =IF(Salary[[#This Row],[پایه حقوق]]<=5600000,0,(Salary[[#This Row],[پایه حقوق]]-5600000)*0.1) -> 0 | K189: =G189-I189-J189 -> 5186610
A190: 9988165 | B190: =RANDBETWEEN(30,100) -> 73 | C190: =MATCH(Salary[[#This Row],[ماه]],Calc!$A$16:$A$27,0) -> 4 | D190: تیر | E190: =RANDBETWEEN(3000,15000)*1000 -> 13633000 | G190: =E190+F190 -> 13633000 | H190: =0.23*E190 -> 3135590 | I190: =0.07*E190 -> 954310 | J190: =IF(Salary[[#This Row],[پایه حقوق]]<=5600000,0,(Salary[[#This Row],[پایه حقوق]]-5600000)*0.1) -> 803300 | K190: =G190-I190-J190 -> 11875390
A191: 9988236 | B191: =RANDBETWEEN(30,100) -> 44 | C191: =MATCH(Salary[[#This Row],[ماه]],Calc!$A$16:$A$27,0) -> 4 | D191: تیر | E191: =RANDBETWEEN(3000,15000)*1000 -> 10259000 | G191: =E191+F191 -> 10259000 | H191: =0.23*E191 -> 2359570 | I191: =0.07*E191 -> 718130 | J191: =IF(Salary[[#This Row],[پایه حقوق]]<=5600000,0,(Salary[[#This Row],[پایه حقوق]]-5600000)*0.1) -> 465900 | K191: =G191-I191-J191 -> 9074970
A192: 9988277 | B192: =RANDBETWEEN(30,100) -> 96 | C192: =MATCH(Salary[[#This Row],[ماه]],Calc!$A$16:$A$27,0) -> 4 | D192: تیر | E192: =RANDBETWEEN(3000,15000)*1000 -> 13140000 | G192: =E192+F192 -> 13140000 | H192: =0.23*E192 -> 3022200 | I192: =0.07*E192 -> 919800 | J192: =IF(Salary[[#This Row],[پایه حقوق]]<=5600000,0,(Salary[[#This Row],[پایه حقوق]]-5600000)*0.1) -> 754000 | K192: =G192-I192-J192 -> 11466200
A193: 9988371 | B193: =RANDBETWEEN(30,100) -> 66 | C193: =MATCH(Salary[[#This Row],[ماه]],Calc!$A$16:$A$27,0) -> 4 | D193: تیر | E193: =RANDBETWEEN(3000,15000)*1000 -> 6624000 | G193: =E193+F193 -> 6624000 | H193: =0.23*E193 -> 1523520 | I193: =0.07*E193 -> 463680 | J193: =IF(Salary[[#This Row],[پایه حقوق]]<=5600000,0,(Salary[[#This Row],[پایه حقوق]]-5600000)*0.1) -> 102400 | K193: =G193-I193-J193 -> 6057920
A194: 9988393 | B194: =RANDBETWEEN(30,100) -> 99 | C194: =MATCH(Salary[[#This Row],[ماه]],Calc!$A$16:$A$27,0) -> 4 | D194: تیر | E194: =RANDBETWEEN(3000,15000)*1000 -> 9904000 | F194: =0.7*E194 -> 6932800 | G194: =E194+F194 -> 16836800 | H194: =0.23*E194 -> 2277920 | I194: =0.07*E194 -> 693280 | J194: =IF(Salary[[#This Row],[پایه حقوق]]<=5600000,0,(Salary[[#This Row],[پایه حقوق]]-5600000)*0.1) -> 430400 | K194: =G194-I194-J194 -> 15713120
A195: 9988453 | B195: =RANDBETWEEN(30,100) -> 59 | C195: =MATCH(Salary[[#This Row],[ماه]],Calc!$A$16:$A$27,0) -> 4 | D195: تیر | E195: =RANDBETWEEN(3000,15000)*1000 -> 9574000 | G195: =E195+F195 -> 9574000 | H195: =0.23*E195 -> 2202020 | I195: =0.07*E195 -> 670180 | J195: =IF(Salary[[#This Row],[پایه حقوق]]<=5600000,0,(Salary[[#This Row],[پایه حقوق]]-5600000)*0.1) -> 397400 | K195: =G195-I195-J195 -> 8506420
A196: 9988492 | B196: =RANDBETWEEN(30,100) -> 31 | C196: =MATCH(Salary[[#This Row],[ماه]],Calc!$A$16:$A$27,0) -> 4 | D196: تیر | E196: =RANDBETWEEN(3000,15000)*1000 -> 10853000 | F196: =0.7*E196 -> 7597100 | G196: =E196+F196 -> 18450100 | H196: =0.23*E196 -> 2496190 | I196: =0.07*E196 -> 759710 | J196: =IF(Salary[[#This Row],[پایه حقوق]]<=5600000,0,(Salary[[#This Row],[پایه حقوق]]-5600000)*0.1) -> 525300 | K196: =G196-I196-J196 -> 17165090
A197: 9988572 | B197: =RANDBETWEEN(30,100) -> 39 | C197: =MATCH(Salary[[#This Row],[ماه]],Calc!$A$16:$A$27,0) -> 4 | D197: تیر | E197: =RANDBETWEEN(3000,15000)*1000 -> 13757000 | G197: =E197+F197 -> 13757000 | H197: =0.23*E197 -> 3164110 | I197: =0.07*E197 -> 962990 | J197: =IF(Salary[[#This Row],[پایه حقوق]]<=5600000,0,(Salary[[#This Row],[پایه حقوق]]-5600000)*0.1) -> 815700 | K197: =G197-I197-J197 -> 11978310
A198: 9988618 | B198: =RANDBETWEEN(30,100) -> 92 | C198: =MATCH(Salary[[#This Row],[ماه]],Calc!$A$16:$A$27,0) -> 4 | D198: تیر | E198: =RANDBETWEEN(3000,15000)*1000 -> 5074000 | G198: =E198+F198 -> 5074000 | H198: =0.23*E198 -> 1167020 | I198: =0.07*E198 -> 355180 | J198: =IF(Salary[[#This Row],[پایه حقوق]]<=5600000,0,(Salary[[#This Row],[پایه حقوق]]-5600000)*0.1) -> 0 | K198: =G198-I198-J198 -> 4718820
A199: 9988657 | B199: =RANDBETWEEN(30,100) -> 82 | C199: =MATCH(Salary[[#This Row],[ماه]],Calc!$A$16:$A$27,0) -> 4 | D199: تیر | E199: =RANDBETWEEN(3000,15000)*1000 -> 7197000 | G199: =E199+F199 -> 7197000 | H199: =0.23*E199 -> 1655310 | I199: =0.07*E199 -> 503790 | J199: =IF(Salary[[#This Row],[پایه حقوق]]<=5600000,0,(Salary[[#This Row],[پایه حقوق]]-5600000)*0.1) -> 159700 | K199: =G199-I199-J199 -> 6533510
A200: 9988677 | B200: =RANDBETWEEN(30,100) -> 49 | C200: =MATCH(Salary[[#This Row],[ماه]],Calc!$A$16:$A$27,0) -> 4 | D200: تیر | E200: =RANDBETWEEN(3000,15000)*1000 -> 5705000 | F200: =0.7*E200 -> 3993500 | G200: =E200+F200 -> 9698500 | H200: =0.23*E200 -> 1312150 | I200: =0.07*E200 -> 399350 | J200: =IF(Salary[[#This Row],[پایه حقوق]]<=5600000,0,(Salary[[#This Row],[پایه حقوق]]-5600000)*0.1) -> 10500 | K200: =G200-I200-J200 -> 9288650
A201: 9988725 | B201: =RANDBETWEEN(30,100) -> 51 | C201: =MATCH(Salary[[#This Row],[ماه]],Calc!$A$16:$A$27,0) -> 4 | D201: تیر | E201: =RANDBETWEEN(3000,15000)*1000 -> 11502000 | G201: =E201+F201 -> 11502000 | H201: =0.23*E201 -> 2645460 | I201: =0.07*E201 -> 805140 | J201: =IF(Salary[[#This Row],[پایه حقوق]]<=5600000,0,(Salary[[#This Row],[پایه حقوق]]-5600000)*0.1) -> 590200 | K201: =G201-I201-J201 -> 10106660
A202: 9988773 | B202: =RANDBETWEEN(30,100) -> 98 | C202: =MATCH(Salary[[#This Row],[ماه]],Calc!$A$16:$A$27,0) -> 4 | D202: تیر | E202: =RANDBETWEEN(3000,15000)*1000 -> 7629000 | G202: =E202+F202 -> 7629000 | H202: =0.23*E202 -> 1754670 | I202: =0.07*E202 -> 534030 | J202: =IF(Salary[[#This Row],[پایه حقوق]]<=5600000,0,(Salary[[#This Row],[پایه حقوق]]-5600000)*0.1) -> 202900 | K202: =G202-I202-J202 -> 6892070
A203: 9988821 | B203: =RANDBETWEEN(30,100) -> 45 | C203: =MATCH(Salary[[#This Row],[ماه]],Calc!$A$16:$A$27,0) -> 4 | D203: تیر | E203: =RANDBETWEEN(3000,15000)*1000 -> 7264000 | G203: =E203+F203 -> 7264000 | H203: =0.23*E203 -> 1670720 | I203: =0.07*E203 -> 508480 | J203: =IF(Salary[[#This Row],[پایه حقوق]]<=5600000,0,(Salary[[#This Row],[پایه حقوق]]-5600000)*0.1) -> 166400 | K203: =G203-I203-J203 -> 6589120
A204: 9988869 | B204: =RANDBETWEEN(30,100) -> 68 | C204: =MATCH(Salary[[#This Row],[ماه]],Calc!$A$16:$A$27,0) -> 4 | D204: تیر | E204: =RANDBETWEEN(3000,15000)*1000 -> 8530000 | G204: =E204+F204 -> 8530000 | H204: =0.23*E204 -> 1961900 | I204: =0.07*E204 -> 597100 | J204: =IF(Salary[[#This Row],[پایه حقوق]]<=5600000,0,(Salary[[#This Row],[پایه حقوق]]-5600000)*0.1) -> 293000 | K204: =G204-I204-J204 -> 7639900
A205: 9988917 | B205: =RANDBETWEEN(30,100) -> 63 | C205: =MATCH(Salary[[#This Row],[ماه]],Calc!$A$16:$A$27,0) -> 4 | D205: تیر | E205: =RANDBETWEEN(3000,15000)*1000 -> 4537000 | G205: =E205+F205 -> 4537000 | H205: =0.23*E205 -> 1043510 | I205: =0.07*E205 -> 317590 | J205: =IF(Salary[[#This Row],[پایه حقوق]]<=5600000,0,(Salary[[#This Row],[پایه حقوق]]-5600000)*0.1) -> 0 | K205: =G205-I205-J205 -> 4219410
A206: 9988965 | B206: =RANDBETWEEN(30,100) -> 72 | C206: =MATCH(Salary[[#This Row],[ماه]],Calc!$A$16:$A$27,0) -> 4 | D206: تیر | E206: =RANDBETWEEN(3000,15000)*1000 -> 5712000 | G206: =E206+F206 -> 5712000 | H206: =0.23*E206 -> 1313760 | I206: =0.07*E206 -> 399840 | J206: =IF(Salary[[#This Row],[پایه حقوق]]<=5600000,0,(Salary[[#This Row],[پایه حقوق]]-5600000)*0.1) -> 11200 | K206: =G206-I206-J206 -> 5300960
A207: 9989013 | B207: =RANDBETWEEN(30,100) -> 54 | C207: =MATCH(Salary[[#This Row],[ماه]],Calc!$A$16:$A$27,0) -> 4 | D207: تیر | E207: =RANDBETWEEN(3000,15000)*1000 -> 5539000 | G207: =E207+F207 -> 5539000 | H207: =0.23*E207 -> 1273970 | I207: =0.07*E207 -> 387730 | J207: =IF(Salary[[#This Row],[پایه حقوق]]<=5600000,0,(Salary[[#This Row],[پایه حقوق]]-5600000)*0.1) -> 0 | K207: =G207-I207-J207 -> 5151270
A208: 9989061 | B208: =RANDBETWEEN(30,100) -> 63 | C208: =MATCH(Salary[[#This Row],[ماه]],Calc!$A$16:$A$27,0) -> 4 | D208: تیر | E208: =RANDBETWEEN(3000,15000)*1000 -> 6427000 | G208: =E208+F208 -> 6427000 | H208: =0.23*E208 -> 1478210 | I208: =0.07*E208 -> 449890 | J208: =IF(Salary[[#This Row],[پایه حقوق]]<=5600000,0,(Salary[[#This Row],[پایه حقوق]]-5600000)*0.1) -> 82700 | K208: =G208-I208-J208 -> 5894410
A209: 9989109 | B209: =RANDBETWEEN(30,100) -> 56 | C209: =MATCH(Salary[[#This Row],[ماه]],Calc!$A$16:$A$27,0) -> 4 | D209: تیر | E209: =RANDBETWEEN(3000,15000)*1000 -> 3656000 | G209: =E209+F209 -> 3656000 | H209: =0.23*E209 -> 840880 | I209: =0.07*E209 -> 255920 | J209: =IF(Salary[[#This Row],[پایه حقوق]]<=5600000,0,(Salary[[#This Row],[پایه حقوق]]-5600000)*0.1) -> 0 | K209: =G209-I209-J209 -> 3400080
A210: 9989157 | B210: =RANDBETWEEN(30,100) -> 63 | C210: =MATCH(Salary[[#This Row],[ماه]],Calc!$A$16:$A$27,0) -> 4 | D210: تیر | E210: =RANDBETWEEN(3000,15000)*1000 -> 8291000 | G210: =E210+F210 -> 8291000 | H210: =0.23*E210 -> 1906930 | I210: =0.07*E210 -> 580370 | J210: =IF(Salary[[#This Row],[پایه حقوق]]<=5600000,0,(Salary[[#This Row],[پایه حقوق]]-5600000)*0.1) -> 269100 | K210: =G210-I210-J210 -> 7441530
A211: 9989205 | B211: =RANDBETWEEN(30,100) -> 43 | C211: =MATCH(Salary[[#This Row],[ماه]],Calc!$A$16:$A$27,0) -> 4 | D211: تیر | E211: =RANDBETWEEN(3000,15000)*1000 -> 9194000 | G211: =E211+F211 -> 9194000 | H211: =0.23*E211 -> 2114620 | I211: =0.07*E211 -> 643580 | J211: =IF(Salary[[#This Row],[پایه حقوق]]<=5600000,0,(Salary[[#This Row],[پایه حقوق]]-5600000)*0.1) -> 359400 | K211: =G211-I211-J211 -> 8191020
A212: 9989253 | B212: =RANDBETWEEN(30,100) -> 66 | C212: =MATCH(Salary[[#This Row],[ماه]],Calc!$A$16:$A$27,0) -> 4 | D212: تیر | E212: =RANDBETWEEN(3000,15000)*1000 -> 4282000 | G212: =E212+F212 -> 4282000 | H212: =0.23*E212 -> 984860 | I212: =0.07*E212 -> 299740 | J212: =IF(Salary[[#This Row],[پایه حقوق]]<=5600000,0,(Salary[[#This Row],[پایه حقوق]]-5600000)*0.1) -> 0 | K212: =G212-I212-J212 -> 3982260
... A247: 9988023 | B247: =RANDBETWEEN(30,100) -> 48 | C247: =MATCH(Salary[[#This Row],[ماه]],Calc!$A$16:$A$27,0) -> 5 | D247: مرداد | E247: =RANDBETWEEN(3000,15000)*1000 -> 10038000 | G247: =E247+F247 -> 10038000 | H247: =0.23*E247 -> 2308740 | I247: =0.07*E247 -> 702660 | J247: =IF(Salary[[#This Row],[پایه حقوق]]<=5600000,0,(Salary[[#This Row],[پایه حقوق]]-5600000)*0.1) -> 443800 | K247: =G247-I247-J247 -> 8891540
A248: 9988106 | B248: =RANDBETWEEN(30,100) -> 83 | C248: =MATCH(Salary[[#This Row],[ماه]],Calc!$A$16:$A$27,0) -> 5 | D248: مرداد | E248: =RANDBETWEEN(3000,15000)*1000 -> 9353000 | F248: =0.7*E248 -> 6547100 | G248: =E248+F248 -> 15900100 | H248: =0.23*E248 -> 2151190 | I248: =0.07*E248 -> 654710 | J248: =IF(Salary[[#This Row],[پایه حقوق]]<=5600000,0,(Salary[[#This Row],[پایه حقوق]]-5600000)*0.1) -> 375300 | K248: =G248-I248-J248 -> 14870090
A249: 9988137 | B249: =RANDBETWEEN(30,100) -> 73 | C249: =MATCH(Salary[[#This Row],[ماه]],Calc!$A$16:$A$27,0) -> 5 | D249: مرداد | E249: =RANDBETWEEN(3000,15000)*1000 -> 4816000 | F249: =0.7*E249 -> 3371200 | G249: =E249+F249 -> 8187200 | H249: =0.23*E249 -> 1107680 | I249: =0.07*E249 -> 337120 | J249: =IF(Salary[[#This Row],[پایه حقوق]]<=5600000,0,(Salary[[#This Row],[پایه حقوق]]-5600000)*0.1) -> 0 | K249: =G249-I249-J249 -> 7850080
A250: 9988165 | B250: =RANDBETWEEN(30,100) -> 85 | C250: =MATCH(Salary[[#This Row],[ماه]],Calc!$A$16:$A$27,0) -> 5 | D250: مرداد | E250: =RANDBETWEEN(3000,15000)*1000 -> 6179000 | F250: =0.7*E250 -> 4325300 | G250: =E250+F250 -> 10504300 | H250: =0.23*E250 -> 1421170 | I250: =0.07*E250 -> 432530 | J250: =IF(Salary[[#This Row],[پایه حقوق]]<=5600000,0,(Salary[[#This Row],[پایه حقوق]]-5600000)*0.1) -> 57900 | K250: =G250-I250-J250 -> 10013870
A251: 9988236 | B251: =RANDBETWEEN(30,100) -> 30 | C251: =MATCH(Salary[[#This Row],[ماه]],Calc!$A$16:$A$27,0) -> 5 | D251: مرداد | E251: =RANDBETWEEN(3000,15000)*1000 -> 10534000 | F251: =0.7*E251 -> 7373800 | G251: =E251+F251 -> 17907800 | H251: =0.23*E251 -> 2422820 | I251: =0.07*E251 -> 737380 | J251: =IF(Salary[[#This Row],[پایه حقوق]]<=5600000,0,(Salary[[#This Row],[پایه حقوق]]-5600000)*0.1) -> 493400 | K251: =G251-I251-J251 -> 16677020
A252: 9988277 | B252: =RANDBETWEEN(30,100) -> 75 | C252: =MATCH(Salary[[#This Row],[ماه]],Calc!$A$16:$A$27,0) -> 5 | D252: مرداد | E252: =RANDBETWEEN(3000,15000)*1000 -> 4397000 | G252: =E252+F252 -> 4397000 | H252: =0.23*E252 -> 1011310 | I252: =0.07*E252 -> 307790 | J252: =IF(Salary[[#This Row],[پایه حقوق]]<=5600000,0,(Salary[[#This Row],[پایه حقوق]]-5600000)*0.1) -> 0 | K252: =G252-I252-J252 -> 4089210
A253: 9988371 | B253: =RANDBETWEEN(30,100) -> 61 | C253: =MATCH(Salary[[#This Row],[ماه]],Calc!$A$16:$A$27,0) -> 5 | D253: مرداد | E253: =RANDBETWEEN(3000,15000)*1000 -> 14199000 | G253: =E253+F253 -> 14199000 | H253: =0.23*E253 -> 3265770 | I253: =0.07*E253 -> 993930 | J253: =IF(Salary[[#This Row],[پایه حقوق]]<=5600000,0,(Salary[[#This Row],[پایه حقوق]]-5600000)*0.1) -> 859900 | K253: =G253-I253-J253 -> 12345170
A254: 9988393 | B254: =RANDBETWEEN(30,100) -> 53 | C254: =MATCH(Salary[[#This Row],[ماه]],Calc!$A$16:$A$27,0) -> 5 | D254: مرداد | E254: =RANDBETWEEN(3000,15000)*1000 -> 12383000 | G254: =E254+F254 -> 12383000 | H254: =0.23*E254 -> 2848090 | I254: =0.07*E254 -> 866810 | J254: =IF(Salary[[#This Row],[پایه حقوق]]<=5600000,0,(Salary[[#This Row],[پایه حقوق]]-5600000)*0.1) -> 678300 | K254: =G254-I254-J254 -> 10837890
A255: 9988453 | B255: =RANDBETWEEN(30,100) -> 96 | C255: =MATCH(Salary[[#This Row],[ماه]],Calc!$A$16:$A$27,0) -> 5 | D255: مرداد | E255: =RANDBETWEEN(3000,15000)*1000 -> 8000000 | G255: =E255+F255 -> 8000000 | H255: =0.23*E255 -> 1840000 | I255: =0.07*E255 -> 560000 | J255: =IF(Salary[[#This Row],[پایه حقوق]]<=5600000,0,(Salary[[#This Row],[پایه حقوق]]-5600000)*0.1) -> 240000 | K255: =G255-I255-J255 -> 7200000
A256: 9988492 | B256: =RANDBETWEEN(30,100) -> 40 | C256: =MATCH(Salary[[#This Row],[ماه]],Calc!$A$16:$A$27,0) -> 5 | D256: مرداد | E256: =RANDBETWEEN(3000,15000)*1000 -> 11632000 | G256: =E256+F256 -> 11632000 | H256: =0.23*E256 -> 2675360 | I256: =0.07*E256 -> 814240 | J256: =IF(Salary[[#This Row],[پایه حقوق]]<=5600000,0,(Salary[[#This Row],[پایه حقوق]]-5600000)*0.1) -> 603200 | K256: =G256-I256-J256 -> 10214560
...

Sheet Sheet3
A3: Row Labels
A4: حقوقی و قراردادی
A5: فناوری اطلاعات
A6: کنترل هزینه
A7: منابع انسانی
A8: مهندسی
A9: Grand Total

Sheet HR
A5: داشبورد منابع انسانی
A6: داشبورد منابع مالی

Sheet Finance
A5: داشبورد منابع انسانی
A6: داشبورد منابع مالی
